<?xml version="1.0" encoding="UTF-8"?>
<project-private xmlns="http://www.netbeans.org/ns/project-private/1">
    <editor-bookmarks xmlns="http://www.netbeans.org/ns/editor-bookmarks/2" lastBookmarkId="0"/>
    <open-files xmlns="http://www.netbeans.org/ns/projectui-open-files/2">
        <group>
            <file>file:/C:/xampp/htdocs/blog/admin/add_news.php</file>
            <file>file:/C:/xampp/htdocs/blog/admin/connection/manage.php</file>
            <file>file:/C:/xampp/htdocs/blog/admin/connection/login.php</file>
            <file>file:/C:/xampp/htdocs/blog/admin/dashboard.php</file>
            <file>file:/C:/xampp/htdocs/blog/index.php</file>
            <file>file:/C:/xampp/htdocs/blog/admin/header.php</file>
            <file>file:/C:/xampp/htdocs/blog/admin/news_view.php</file>
            <file>file:/C:/xampp/htdocs/blog/admin/index.php</file>
        </group>
    </open-files>
</project-private>
